{"pad": "<pad>", "bos": "<eos>", "eos": "<eos>", "unk": "<unk>", "hidden_size": 512, "filter_size": 2048, "num_heads": 8, "num_encoder_layers": 6, "num_decoder_layers": 6, "attention_dropout": 0.0, "residual_dropout": 0.1, "relu_dropout": 0.0, "label_smoothing": 0.1, "normalization": "after", "shared_embedding_and_softmax_weights": false, "shared_source_target_embedding": false, "warmup_steps": 4000, "train_steps": 100000, "learning_rate": 0.0007, "learning_rate_schedule": "linear_warmup_rsqrt_decay", "batch_size": 4, "fixed_batch_size": false, "adam_beta1": 0.9, "adam_beta2": 0.98, "adam_epsilon": 1e-09, "clip_grad_norm": 0.0}